metric_name,metric_value,model_name,m,q025,q975,ci_low,ci_high
auroc,0.8753916195776661,fit,0,0.8458428430128517,0.8992140145698447,0.8458428430128517,0.8992140145698447
ap,0.17191861121090107,fit,0,0.11625507586819481,0.24098321797632016,0.11625507586819481,0.24098321797632016
auroc,0.8997808823390219,fit-age-sex-bloods,0,0.8700340706199431,0.9240891174209708,0.8700340706199431,0.9240891174209708
ap,0.28045603389501284,fit-age-sex-bloods,0,0.19169606276335863,0.3785280212043498,0.19169606276335863,0.3785280212043498
auroc,0.8778904127741336,fit-age-sex,0,0.8492181739114948,0.9014544409805012,0.8492181739114948,0.9014544409805012
ap,0.17594634366346518,fit-age-sex,0,0.11323686366675868,0.24623935240756972,0.11323686366675868,0.24623935240756972
auroc,0.8753916195776661,fit-spline,0,0.8458428430128517,0.8992140145698447,0.8458428430128517,0.8992140145698447
ap,0.17191861121090107,fit-spline,0,0.11625507586819481,0.24098321797632016,0.11625507586819481,0.24098321797632016
